Stock Name,ROE,YOY Earnings (Quarterly),Dept to Equtity Ratio,,,
"Agilent Technologies, Inc. (A)",12.19%,38.8%,46.33,35.68,,
American Airlines Group Inc. (AAL),56.81%,-91.2%,643.17,103.78,,
"Advance Auto Parts, Inc. (AAP)",17.1%,13.8%,36.22,33.73,,
Apple Inc. (AAPL),34.69%,-2.6%,66.38,73.8,,
AbbVie Inc. (ABBV),138.75%,-8.3%,794.69,23.72,,
AmerisourceBergen Corporation (ABC),78.76%,-25%,211.64,38.2,,
Abbott Laboratories (ABT),N/A,32.6%,106.22,24.7,,
Accenture plc (ACN),50.39%,-36.8%,0.32,16.45,,
Adobe Systems Incorporated (ADBE),17.9%,56.7%,24.83,52.05,,
"Analog Devices, Inc. (ADI)",17.75%,32%,71.71,61.47,,
Archer-Daniels-Midland Company (ADM),7.33%,-40.9%,40.28,29.41,,
"Automatic Data Processing, Inc. (ADP)",42.24%,49.6%,52.49,25.27,,
Alliance Data Systems Corporation (ADS),30.64%,-6.8%,1516,43.9,,
"Autodesk, Inc. (ADSK)",-49.47%,N/A,203.2,93.3,,
Ameren Corporation (AEE),9.2%,10.3%,108.13,22.18,,
"American Electric Power Company, Inc. (AEP)",3.51%,-20.5%,127.87,23.2,,
The AES Corporation (AES),6.2%,N/A,355.26,26.98,,
Aetna Inc. (AET),13.22%,-56.5%,115.15,38.51,,
Aflac Incorporated (AFL),13.92%,2.9%,28.74,15.61,,
Allergan plc (AGN),-1.22%,N/A,43,41.61,,
"American International Group, Inc. (AIG)",-0.31%,N/A,40.22,39.37,,
Apartment Investment and Management Company (AIV),24.78%,136%,189.82,22.41,,
"Assurant, Inc. (AIZ)",13.11%,-52.4%,26.04,35.06,,
Arthur J. Gallagher & Co. (AJG),12.12%,52.6%,77.91,31.71,,
"Akamai Technologies, Inc. (AKAM)",9.96%,3.6%,19.85,49.87,,
Albemarle Corporation (ALB),13.03%,245.5%,60.09,51.62,,
"Alaska Air Group, Inc. (ALK)",30.47%,-40.3%,101.3,86.08,,
The Allstate Corporation (ALL),9.25%,71.8%,30.85,31.81,,
Allegion plc (ALLE),316.5%,4%,1257.9,33.4,,
"Alexion Pharmaceuticals, Inc. (ALXN)",4.71%,39.6%,37.82,43.9,,
"Applied Materials, Inc. (AMAT)",28.78%,145.8%,43.26,123.57,,
"AMETEK, Inc. (AME)",15.73%,-20.3%,71.9,40.23,,
"Affiliated Managers Group, Inc. (AMG)",15.59%,2.8%,41.37,36.24,,
Amgen Inc. (AMGN),26.65%,7.5%,115.8,37.84,,
"Ameriprise Financial, Inc. (AMP)",17.91%,12%,101.96,59.21,,
American Tower Corporation (AMT),13.13%,-1.5%,229.73,29.52,,
"Amazon.com, Inc. (AMZN)",14.52%,55.4%,105.85,41.15,,
"AutoNation, Inc. (AN)",N/A,2.3%,284.37,N/A,,
"Anthem, Inc. (ANTM)",10.26%,103.6%,66.95,60.6,,
Aon plc (AON),24.67%,-14%,112.17,24.68,,
Apache Corporation (APA),-14.44%,N/A,111.26,49.71,,
Anadarko Petroleum Corporation (APC),-18.14%,N/A,107.76,54.87,,
"Air Products and Chemicals, Inc. (APD)",20.55%,-17.5%,59.68,22.68,,
Amphenol Corporation (APH),23.78%,17.6%,80.86,34.24,,
Arconic Inc. (ARNC),N/A,1912.5%,147.28,83.22,,
"Activision Blizzard, Inc. (ATVI)",11.24%,59.1%,53.59,60.11,,
"AvalonBay Communities, Inc. (AVB)",10.32%,55.9%,69.44,22.23,,
Broadcom Limited (AVGO),-13.78%,-36.6%,61.62,69.07,,
Avery Dennison Corporation (AVY),33.92%,8.8%,139.65,23.3,,
"American Water Works Company, Inc. (AWK)",9.12%,2%,137.64,22.81,,
American Express Company (AXP),26.27%,-8.2%,267.43,43.48,,
"Acuity Brands, Inc. (AYI)",18.55%,2.7%,19.73,65.69,,
"AutoZone, Inc. (AZO)",N/A,3.7%,N/A,20.52,,
The Boeing Company (BA),134.59%,59%,1134.78,53.01,,
Bank of America Corporation (BAC),7.27%,81.2%,N/A,114.11,,
Baxter International Inc. (BAX),57.93%,18.5%,33.6,33.82,,
Bed Bath & Beyond Inc. (BBBY),25.96%,-11.5%,54.85,36.09,,
BB&T Corporation (BBT),7.89%,-25.4%,N/A,51.84,,
"Best Buy Co., Inc. (BBY)",26.57%,26.7%,28.99,83.14,,
"C. R. Bard, Inc. (BCR)",33.95%,17.1%,98.01,51.82,,
"Becton, Dickinson and Company (BDX)",17.68%,145.4%,145.29,16.37,,
"Franklin Resources, Inc. (BEN)",13.41%,-1.7%,13.25,45.12,,
(BF.B),N/A,N/A,N/A,N/A,,
Baker Hughes Incorporated (BHI),N/A,N/A,N/A,64.33,,
Biogen Inc. (BIIB),34.37%,-21.9%,53.74,49.61,,
The Bank of New York Mellon Corporation (BK),9.3%,12.9%,N/A,38.69,,
"BlackRock, Inc. (BLK)",N/A,31.2%,111.46,25.77,,
Ball Corporation (BLL),11.08%,-3.6%,212.71,21.82,,
Bristol-Myers Squibb Company (BMY),29.29%,N/A,41.05,67.62,,
(BRK.B),N/A,N/A,N/A,N/A,,
Boston Scientific Corporation (BSX),5.32%,N/A,81.45,35.69,,
BorgWarner Inc. (BWA),4.62%,N/A,67.22,60.76,,
"Boston Properties, Inc. (BXP)",5.92%,-45.9%,124.79,26.68,,
Citigroup Inc. (C),6.83%,16.8%,N/A,63.22,,
"CA, Inc. (CA)",14.61%,-6.7%,37.46,16.59,,
"Conagra Brands, Inc. (CAG)",15.95%,-12.2%,69.1,45.37,,
"Cardinal Health, Inc. (CAH)",20.37%,-0.6%,84.6,36.4,,
Caterpillar Inc. (CAT),-0.42%,N/A,278.39,53.51,,
Chubb Limited (CB),10.68%,135.7%,32.97,16.08,,
"CBRE Group, Inc. (CBG)",20.08%,46.6%,124.82,52.68,,
"CBOE Holdings, Inc. (CBOE)",62.94%,-9.8%,N/A,40.11,,
CBS Corporation (CBS),33.55%,N/A,254.13,43.41,,
Crown Castle International Corp. (CCI),5.9%,149%,183.24,29.53,,
Carnival Corporation (CCL),13.2%,147.9%,40.26,47.67,,
Celgene Corporation (CELG),31.94%,-23.5%,216.53,35.18,,
Cerner Corporation (CERN),16.32%,-9.9%,14.35,43.59,,
"CF Industries Holdings, Inc. (CF)",-2.91%,N/A,89,78.96,,
"Citizens Financial Group, Inc. (CFG)",5.74%,43.5%,N/A,116.74,,
"Church & Dwight Co., Inc. (CHD)",22.94%,1.2%,56.64,26.13,,
Chesapeake Energy Corporation (CHK),-736.85%,N/A,N/A,130.34,,
"C.H. Robinson Worldwide, Inc. (CHRW)",41.19%,2.6%,94.23,23.78,,
"Charter Communications, Inc. (CHTR)",14.89%,N/A,122.6,74.28,,
Cigna Corporation (CI),14.23%,-10.3%,36.5,43.34,,
Cincinnati Financial Corporation (CINF),8.76%,-35.9%,11.98,20.02,,
Colgate-Palmolive Company (CL),N/A,N/A,38429.41,18.84,,
The Clorox Company (CLX),279.06%,0%,944.07,26.28,,
Comerica Incorporated (CMA),6.21%,41.4%,N/A,103.69,,
Comcast Corporation (CMCSA),16.03%,16.5%,105.95,36.26,,
CME Group Inc. (CME),7.5%,28%,10.97,38.26,,
"Chipotle Mexican Grill, Inc. (CMG)",6.48%,N/A,N/A,40.95,,
Cummins Inc. (CMI),19.51%,134.8%,25.87,55.09,,
CMS Energy Corporation (CMS),13.38%,-27.4%,233.89,19.26,,
Centene Corporation (CNC),12.06%,N/A,74.69,55.2,,
"CenterPoint Energy, Inc. (CNP)",12.48%,N/A,248.32,35.81,,
Capital One Financial Corporation (COF),7.41%,-20%,N/A,67.02,,
Cabot Oil & Gas Corporation (COG),-18.23%,N/A,59.22,33.57,,
"Coach, Inc. (COH)",19.01%,17.4%,21.05,36.66,,
"Rockwell Collins, Inc. (COL)",35.94%,7.4%,103.08,36.96,,
"The Cooper Companies, Inc. (COO)",11.02%,47.5%,50.53,34.14,,
ConocoPhillips (COP),-9.45%,N/A,77.43,37.04,,
Costco Wholesale Corporation (COST),20.13%,-5.7%,39.9,32.19,,
Coty Inc. (COTY),N/A,N/A,N/A,77.76,,
Campbell Soup Company (CPB),33.1%,-61.9%,236.17,29.12,,
"Salesforce.com, inc. (CRM)",2.87%,N/A,36.13,34.4,,
"Cisco Systems, Inc. (CSCO)",15.77%,-25.4%,54.72,30.76,,
CSRA Inc. (CSRA),74.49%,162.5%,848.18,52.8,,
CSX Corporation (CSX),14.78%,1.7%,96.79,115.51,,
Cintas Corporation (CTAS),24.14%,0.6%,52.54,42.3,,
"CenturyLink, Inc. (CTL)",4.56%,-87.6%,146.94,49.8,,
Cognizant Technology Solutions Corporation (CTSH),15.52%,-2.1%,8.18,42.34,,
"Citrix Systems, Inc. (CTXS)",28.05%,-66.9%,84.07,45.08,,
CVS Health Corporation (CVS),14.36%,14%,74.74,51.3,,
Chevron Corporation (CVX),-0.29%,N/A,31.44,22.01,,
Concho Resources Inc. (CXO),-20.08%,N/A,35.95,31.82,,
"Dominion Resources, Inc. (D)",14.53%,28%,208.72,15.5,,
"Delta Air Lines, Inc. (DAL)",33.31%,-36.3%,71.32,61.84,,
E. I. du Pont de Nemours and Company (DD),23.66%,-9.2%,89.2,34.77,,
Deere & Company (DE),21.72%,-23.8%,506.3,48.79,,
Discover Financial Services (DFS),21.18%,12.6%,225.53,47.71,,
Dollar General Corporation (DG),23.2%,10.1%,59.4,45.68,,
Quest Diagnostics Incorporated (DGX),15.95%,59.2%,80.55,N/A,,
"D.R. Horton, Inc. (DHI)",14.35%,31.2%,46.08,29.49,,
Danaher Corporation (DHR),8.48%,-33.3%,50.23,40,,
The Walt Disney Company (DIS),19.65%,-13.9%,43.43,28.54,,
"Discovery Communications, Inc. (DISCA)",21.94%,38.8%,146.45,27.85,,
"Discovery Communications, Inc. (DISCK)",21.94%,38.8%,146.45,30.09,,
Delphi Automotive PLC (DLPH),44.32%,46.4%,143.72,54.34,,
"Digital Realty Trust, Inc. (DLR)",8.93%,N/A,113.8,34.85,,
"Dollar Tree, Inc. (DLTR)",18.3%,40.5%,117.3,37.74,,
The Dun & Bradstreet Corporation (DNB),N/A,1.7%,N/A,40.92,,
Dover Corporation (DOV),13.67%,13.6%,95.3,30.26,,
The Dow Chemical Company (DOW),16.49%,-98.6%,78.47,37.7,,
"Dr Pepper Snapple Group, Inc. (DPS)",39.24%,-10.8%,210.21,22.73,,
"Darden Restaurants, Inc. (DRI)",25.57%,56.5%,22.34,49.82,,
DTE Energy Company (DTE),9.12%,63.7%,124.03,21.89,,
Duke Energy Corporation (DUK),6.38%,N/A,122.76,21.3,,
DaVita Inc. (DVA),17.55%,N/A,156.49,44.53,,
Devon Energy Corporation (DVN),-34.67%,N/A,98.26,59.4,,
Electronic Arts Inc. (EA),39.63%,N/A,27.9,55.77,,
eBay Inc. (EBAY),87.52%,114.7%,77.33,55.78,,
Ecolab Inc. (ECL),17.88%,75.3%,95.93,17.35,,
"Consolidated Edison, Inc. (ED)",9.1%,17%,110.64,19.08,,
Equifax Inc. (EFX),19.52%,9.9%,98.2,26.17,,
Edison International (EIX),9.35%,N/A,87.82,20.6,,
The Est√©e Lauder Companies Inc. (EL),29.28%,-4.3%,105.91,26.68,,
Eastman Chemical Company (EMN),19.91%,-6.5%,143.1,31.4,,
Emerson Electric Co. (EMR),N/A,N/A,N/A,32.84,,
"EOG Resources, Inc. (EOG)",-8.15%,N/A,49.97,40.83,,
"Equinix, Inc. (EQIX)",3.42%,N/A,140.87,37.11,,
Equity Residential (EQR),7.91%,-96%,82.11,22.74,,
EQT Corporation (EQT),-1.53%,N/A,36.07,45.61,,
Eversource Energy (ES),8.89%,26.1%,98.94,19.66,,
Express Scripts Holding Company (ESRX),20.39%,85.5%,95.84,38.44,,
"Essex Property Trust, Inc. (ESS)",6.89%,141.6%,87.79,26.56,,
E*TRADE Financial Corporation (ETFC),8.93%,-5.2%,21.73,79.41,,
Eaton Corporation plc (ETN),12.76%,-5.3%,55.46,46.06,,
Entergy Corporation (ETR),-6.53%,N/A,184.36,23.06,,
Envision Healthcare Corporation (EVHC),3.91%,N/A,77.12,55.06,,
Edwards Lifesciences Corporation (EW),26.05%,61%,30.92,50.09,,
Exelon Corporation (EXC),4.38%,-34.2%,130.06,26.43,,
"Expeditors International of Washington, Inc. (EXPD)",24.42%,-3.4%,N/A,24.23,,
"Expedia, Inc. (EXPE)",4.63%,N/A,55.49,46.42,,
Extra Space Storage Inc. (EXR),15.98%,849.9%,165.96,39.24,,
Ford Motor Company (F),15.88%,N/A,488.23,28.81,,
Fastenal Company (FAST),26.68%,6.3%,18.42,39.89,,
"Facebook, Inc. (FB)",19.76%,173.7%,N/A,41.92,,
"Fortune Brands Home & Security, Inc. (FBHS)",17.12%,18%,60.56,26.82,,
Freeport-McMoRan Inc. (FCX),-34.73%,N/A,173.13,84.63,,
FedEx Corporation (FDX),12.92%,10.8%,97.19,39.01,,
FirstEnergy Corp. (FE),-66.19%,N/A,361.35,29.74,,
"F5 Networks, Inc. (FFIV)",30.14%,5%,N/A,44.39,,
"Fidelity National Information Services, Inc. (FIS)",6.12%,95.3%,106.43,24.9,,
"Fiserv, Inc. (FISV)",35.76%,13.8%,179.54,32.43,,
Fifth Third Bancorp (FITB),9.38%,-6.7%,N/A,79.49,,
"Foot Locker, Inc. (FL)",25.23%,19.6%,4.69,56.05,,
"FLIR Systems, Inc. (FLIR)",10.01%,-12.4%,30.8,33.55,,
Fluor Corporation (FLR),10.3%,N/A,49.35,32.51,,
Flowserve Corporation (FLS),8.84%,-8.7%,94.1,34.17,,
FMC Corporation (FMC),12.58%,N/A,96.39,81.65,,
"Twenty-First Century Fox, Inc. (FOX)",20.87%,27.4%,123.31,33.75,,
"Twenty-First Century Fox, Inc. (FOXA)",20.87%,27.4%,123.31,N/A,,
Federal Realty Investment Trust (FRT),12.51%,-14.6%,126.2,36.57,,
"First Solar, Inc. (FSLR)",-6.65%,N/A,4.35,100.82,,
TechnipFMC plc (FTI),5.36%,N/A,50.53,21.03,,
Frontier Communications Corporation (FTR),-7.36%,N/A,396.95,350.42,,
Fortive Corporation (FTV),22.16%,-4.9%,124.79,49.47,,
General Dynamics Corporation (GD),28.2%,4.3%,35.42,48.48,,
General Electric Company (GE),10.34%,-41.8%,169.17,18.49,,
GGP Inc. (GGP),14.9%,21.9%,141.04,52.49,,
"Gilead Sciences, Inc. (GILD)",70.11%,-33.6%,136.06,35.9,,
"General Mills, Inc. (GIS)",29.5%,-1.1%,184.4,31.04,,
Corning Incorporated (GLW),22.82%,N/A,21.36,56.8,,
General Motors Company (GM),21.96%,-70.7%,192.01,N/A,,
Alphabet Inc. (GOOG),15.02%,8.3%,2.83,41.34,,
Google Class A (GOOGL),15.02%,8.3%,2.83,43.04,,
Genuine Parts Company (GPC),21.29%,1.4%,31.71,22.35,,
Global Payments Inc. (GPN),N/A,-37.2%,177.22,36.62,,
"The Gap, Inc. (GPS)",24.81%,2.8%,45.21,80.82,,
Garmin Ltd. (GRMN),15.11%,3.2%,N/A,43.20,,
"The Goldman Sachs Group, Inc. (GS)",N/A,98.7%,431.7,84.62,,
The Goodyear Tire & Rubber Company (GT),28.96%,N/A,115.96,53.02,,
"W.W. Grainger, Inc. (GWW)",29.16%,-6.4%,119.45,42.84,,
Halliburton Company (HAL),-30.69%,N/A,121.36,50.83,,
"Harman International Industries, Incorporated (HAR)",N/A,N/A,N/A,72.26,,
"Hasbro, Inc. (HAS)",29.71%,9.7%,91.28,36.77,,
Huntington Bancshares Incorporated (HBAN),8.42%,34%,N/A,83.11,,
Hanesbrands Inc. (HBI),42.96%,31.8%,305.78,49.39,,
"HCA Holdings, Inc. (HCA)",N/A,-5.2%,N/A,35.87,,
Welltower Inc. (HCN),6.97%,134.1%,78.82,35.02,,
"HCP, Inc. (HCP)",4.77%,N/A,154.75,33.36,,
"The Home Depot, Inc. (HD)",149.44%,18.6%,544.68,32.68,,
Hess Corporation (HES),-33.76%,N/A,43.65,45.3,,
"The Hartford Financial Services Group, Inc. (HIG)",5.19%,N/A,29.89,29.14,,
"Harley-Davidson, Inc. (HOG)",32.32%,-25.6%,349.71,52.29,,
"Hologic, Inc. (HOLX)",15.13%,1.9%,149.1,41.08,,
Honeywell International Inc. (HON),25.33%,-13.4%,80.69,28.27,,
"Helmerich & Payne, Inc. (HP)",-2.22%,N/A,10.99,52.66,,
Hewlett Packard Enterprise Company (HPE),10%,0%,50.01,61.77,,
HP Inc. (HPQ),N/A,3.2%,N/A,71.71,,
"H&R Block, Inc. (HRB)",N/A,N/A,N/A,36.94,,
Hormel Foods Corporation (HRL),20.38%,0%,5.46,22.15,,
Harris Corporation (HRS),10.17%,N/A,139.33,50.6,,
"Henry Schein, Inc. (HSIC)",16.27%,7.1%,35.76,25.15,,
"Host Hotels & Resorts, Inc. (HST)",10.68%,-22.7%,50.69,41.33,,
The Hershey Company (HSY),76.8%,-45.2%,360.06,32.1,,
Humana Inc. (HUM),5.84%,N/A,40.28,55.77,,
International Business Machines Corporation (IBM),69.31%,-13.1%,231.9,28.27,,
"Intercontinental Exchange, Inc. (ICE)",9.45%,-4.9%,40.3,28.72,,
"IDEXX Laboratories, Inc. (IDXX)",N/A,18.1%,N/A,100.05,,
International Flavors & Fragrances Inc. (IFF),25.11%,0.9%,81.25,26.94,,
"Illumina, Inc. (ILMN)",29.41%,316.4%,40.37,58.73,,
Incyte Corporation (INCY),35.29%,-83.9%,155.31,124.2,,
Intel Corporation (INTC),17.55%,44.9%,38.52,30.34,,
Intuit Inc. (INTU),110.94%,-45.8%,146.5,27.53,,
International Paper Company (IP),21.94%,22.5%,259.55,50,,
"The Interpublic Group of Companies, Inc. (IPG)",27.72%,22%,73.19,16.94,,
Ingersoll-Rand Plc (IR),23.18%,-14.9%,60.58,52.59,,
Iron Mountain Incorporated (IRM),8.25%,757.8%,313.91,34.96,,
"Intuitive Surgical, Inc. (ISRG)",17.56%,31.8%,N/A,39.45,,
Illinois Tool Works Inc. (ITW),43.27%,14.5%,175.1,45.26,,
Invesco Ltd. (IVZ),10.36%,12.2%,82.39,45.4,,
"J.B. Hunt Transport Services, Inc. (JBHT)",32.7%,2.6%,69.27,35.23,,
Johnson Controls International plc (JCI),-3.37%,-26.9%,64.46,28.26,,
Jacobs Engineering Group Inc. (JEC),5.3%,30.1%,9.43,34.54,,
Johnson & Johnson (JNJ),N/A,-0.8%,39.06,18,,
"Juniper Networks, Inc. (JNPR)",12.64%,19%,42.53,46.24,,
JPMorgan Chase & Co. (JPM),10.14%,16.8%,N/A,64.73,,
"Nordstrom, Inc. (JWN)",40.67%,11.7%,318.85,79.43,,
Kellogg Company (K),34.2%,N/A,403.27,26.93,,
KeyCorp (KEY),7.12%,72.3%,N/A,91.28,,
The Kraft Heinz Company (KHC),5.88%,46.4%,56.28,22.69,,
Kimco Realty Corporation (KIM),7.18%,-79.4%,92.29,70.85,,
KLA-Tencor Corporation (KLAC),129.8%,56.5%,308.69,55.83,,
Kimberly-Clark Corporation (KMB),2826.75%,51.7%,6521.37,24.77,,
"Kinder Morgan, Inc. (KMI)",2.41%,39.7%,112.79,38.88,,
CarMax Inc. (KMX),20.85%,8.2%,391.5,53.37,,
The Coca-Cola Company (KO),25.9%,-20.3%,205.7,15.37,,
Michael Kors Holdings Limited (KORS),39.36%,-7.9%,7.97,52.61,,
The Kroger Co. (KR),28.98%,-9.5%,209.91,34.22,,
Kohl's Corporation (KSS),10.42%,-14.5%,89.07,74.99,,
Kansas City Southern (KSU),11.9%,36%,57.19,27.38,,
Loews Corporation (L),3.1%,N/A,46.14,25.88,,
"L Brands, Inc. (LB)",N/A,-0.6%,N/A,85.11,,
"Leggett & Platt, Incorporated (LEG)",33.5%,1.4%,87.73,24.88,,
Lennar Corporation (LEN),11.94%,-73.6%,95.99,35.56,,
Laboratory Corporation of America Holdings (LH),14.03%,20%,104.5,22.69,,
LKQ Corporation (LKQ),13.91%,-9.2%,97.15,30.52,,
"L3 Technologies, Inc. (LLL)",14.6%,N/A,72.19,35.93,,
Linear Technology Corporation (LLTC),N/A,N/A,N/A,51.77,,
Eli Lilly and Company (LLY),N/A,N/A,73.19,35.12,,
Lockheed Martin Corporation (LMT),159.6%,N/A,889.29,21.07,,
Lincoln National Corporation (LNC),8.48%,-31.8%,45.34,107.85,,
Alliant Energy Corporation (LNT),9.36%,83.9%,112.37,17.52,,
"Lowe's Companies, Inc. (LOW)",43.91%,5927.3%,244,32.96,,
Lam Research Corporation (LRCX),23%,300.6%,39.76,110.42,,
Leucadia National Corporation (LUK),1.8%,144.1%,172.25,76.55,,
Southwest Airlines Co. (LUV),28.41%,-2.6%,40.54,68.49,,
"Level 3 Communications, Inc. (LVLT)",6.43%,-92.5%,99.7,39.56,,
LyondellBasell Industries N.V. (LYB),60.84%,-4%,148.21,39.85,,
"Macy's, Inc. (M)",N/A,N/A,N/A,92.66,,
Mastercard Incorporated (MA),69.11%,4.8%,91.13,38.15,,
"Mid-America Apartment Communities, Inc. (MAA)",4.58%,-8.4%,67.86,29.36,,
The Macerich Company (MAC),11.68%,-91.1%,112.17,63.65,,
"Marriott International, Inc. (MAR)",88.29%,20.8%,158.78,70.23,,
Masco Corporation (MAS),4520%,28.4%,N/A,29.10,,
"Mattel, Inc. (MAT)",12.62%,-19.2%,96.62,58.89,,
McDonald's Corporation (MCD),N/A,8%,N/A,31.88,,
Microchip Technology Incorporated (MCHP),4.31%,75.1%,121.7,70.71,,
McKesson Corporation (MCK),21.66%,-0.2%,99.56,74.13,,
Moody's Corporation (MCO),N/A,N/A,N/A,37.45,,
"Mondelez International, Inc. (MDLZ)",6.26%,N/A,68.36,14.57,,
Medtronic plc (MDT),7.9%,-25%,65.03,28.72,,
"MetLife, Inc. (MET)",1.18%,N/A,91.69,60.6,,
"Mohawk Industries, Inc. (MHK)",17.47%,22%,43.25,37.32,,
Mead Johnson Nutrition Company (MJN),N/A,31.1%,N/A,36.32,,
"McCormick & Company, Incorporated (MKC)",27.32%,0.1%,97.9,21.66,,
"Martin Marietta Materials, Inc. (MLM)",10.37%,18.8%,40.7,46.25,,
"Marsh & McLennan Companies, Inc. (MMC)",27.89%,16.3%,76.64,21.16,,
3M Company (MMM),44.76%,3.8%,106.08,22.51,,
Mallinckrodt Public Limited Company (MNK),4.09%,N/A,123.43,106.47,,
Monster Beverage Corporation (MNST),17.51%,24.7%,N/A,36.56,,
"Altria Group, Inc. (MO)",N/A,N/A,N/A,25.85,,
Monsanto Company (MON),39.07%,28.7%,165.12,21.17,,
The Mosaic Company (MOS),3.14%,-92.3%,39.68,50.9,,
Marathon Petroleum Corporation (MPC),5.93%,21.4%,49.86,70.49,,
"Merck & Co., Inc. (MRK)",9.27%,N/A,61.7,24.65,,
Marathon Oil Corporation (MRO),-11.86%,N/A,41.47,59.21,,
Morgan Stanley (MS),N/A,70.2%,358.65,104.8,,
Microsoft Corporation (MSFT),23.04%,3.6%,127.61,45.14,,
"Motorola Solutions, Inc. (MSI)",N/A,N/A,N/A,39.72,,
M&T Bank Corporation (MTB),8.39%,16.9%,N/A,60.79,,
Mettler-Toledo International Inc. (MTD),75.71%,11.7%,205.55,64.86,,
"Micron Technology, Inc. (MU)",4.86%,N/A,82.28,217.43,,
Murphy Oil Corporation (MUR),-5.36%,N/A,60.87,46.44,,
Mylan N.V. (MYL),4.6%,114.5%,139.17,50,,
Navient Corporation (NAVI),15.66%,-51.1%,3043.19,63.03,,
"Noble Energy, Inc. (NBL)",-9.87%,N/A,73.69,43.01,,
"Nasdaq, Inc. (NDAQ)",1.96%,N/A,66.35,18.52,,
"NextEra Energy, Inc. (NEE)",15.74%,142.4%,127.94,22.93,,
Newmont Mining Corporation (NEM),-6.04%,N/A,38.87,52.6,,
"Netflix, Inc. (NFLX)",7.61%,54.6%,125.54,90.65,,
Newfield Exploration Company (NFX),-106.17%,N/A,259.17,51.52,,
NiSource Inc. (NI),8.29%,49.5%,195.25,27.26,,
"NIKE, Inc. (NKE)",32.6%,20.1%,27.52,23.1,,
Nielsen Holdings plc (NLSN),10.61%,-29%,194.95,46.02,,
Northrop Grumman Corporation (NOC),40.86%,15.1%,127.02,22.79,,
"National Oilwell Varco, Inc. (NOV)",-15.86%,N/A,22.95,46.46,,
"NRG Energy, Inc. (NRG)",-17.37%,N/A,429.96,93.8,,
Norfolk Southern Corporation (NSC),13.56%,15.2%,84.55,58.77,,
"NetApp, Inc. (NTAP)",10.72%,-4.6%,74.76,89.63,,
Northern Trust Corporation (NTRS),11.18%,11.4%,N/A,50.51,,
Nucor Corporation (NUE),14.23%,404.4%,51.82,51.75,,
NVIDIA Corporation (NVDA),32.57%,214.4%,48.4,234.44,,
Newell Brands Inc. (NWL),8%,N/A,104.66,27.68,,
News Corporation (NWS),-2%,N/A,3.16,39.63,,
News Corporation (NWSA),-2%,N/A,3.16,39.28,,
Realty Income Corporation (O),4.8%,26.5%,72.67,37.12,,
"ONEOK, Inc. (OKE)",20.72%,254.7%,275.71,51.63,,
Omnicom Group Inc. (OMC),N/A,10.7%,174.64,18.58,,
Oracle Corporation (ORCL),18.32%,4.5%,105.77,24.91,,
"O'Reilly Automotive, Inc. (ORLY)",57.84%,12.6%,115.97,22.47,,
Occidental Petroleum Corporation (OXY),-4.37%,N/A,45.68,37.2,,
"Paychex, Inc. (PAYX)",42.44%,12.3%,2.92,23.37,,
"People's United Financial, Inc. (PBCT)",5.79%,12.6%,N/A,45.87,,
PACCAR Inc (PCAR),7.61%,-16.8%,125.73,45.57,,
PG&E Corporation (PCG),7.95%,416.4%,101.53,21.1,,
The Priceline Group Inc. (PCLN),N/A,N/A,N/A,67.86,,
"Patterson Companies, Inc. (PDCO)",12.96%,-56.5%,87.77,38.23,,
Public Service Enterprise Group Incorporated (PEG),6.77%,N/A,89.74,19.17,,
"Pepsico, Inc. (PEP)",59.03%,41.6%,330.89,16.36,,
Pfizer Inc. (PFE),11.58%,N/A,70.58,25.34,,
"Principal Financial Group, Inc. (PFG)",13.72%,25.4%,33.19,72.68,,
The Procter & Gamble Company (PG),16.86%,145.6%,54.83,15.85,,
The Progressive Corporation (PGR),13.06%,16%,37.3,34.05,,
Parker-Hannifin Corporation (PH),18.87%,31.9%,71.4,68.11,,
"PulteGroup, Inc. (PHM)",12.95%,9.9%,70.19,38.96,,
"PerkinElmer, Inc. (PKI)",10.12%,-5%,48.59,38.74,,
"Prologis, Inc. (PLD)",7.01%,268.5%,57.47,21.77,,
Philip Morris International Inc. (PM),N/A,37%,N/A,33.24,,
"The PNC Financial Services Group, Inc. (PNC)",8.92%,14.4%,N/A,70.32,,
Pentair plc (PNR),10.41%,-18.2%,103.54,28.31,,
Pinnacle West Capital Corporation (PNW),9.56%,29.5%,87.6,23.56,,
"PPG Industries, Inc. (PPG)",11.03%,-3.7%,83.64,26.61,,
PPL Corporation (PPL),19.19%,16.5%,195.55,24.44,,
Perrigo Company plc (PRGO),N/A,N/A,68.07,69.54,,
"Prudential Financial, Inc. (PRU)",10.04%,-61.4%,72.17,72.23,,
Public Storage (PSA),15.67%,13.8%,4.14,32.48,,
Phillips 66 (PSX),6.9%,-74.9%,42.73,20.63,,
PVH Corp. (PVH),11.73%,-25%,66.92,39.78,,
,6.23%,N/A,10.8,79.72,,
"Praxair, Inc. (PX)",27.65%,9.3%,156.79,22.25,,
Pioneer Natural Resources Company (PXD),-5.92%,N/A,30.86,36.79,,
"PayPal Holdings, Inc. (PYPL)",9.84%,6.3%,N/A,46.47,,
QUALCOMM Incorporated (QCOM),15.91%,-54.5%,37.44,40.87,,
"Qorvo, Inc. (QRVO)",-1.87%,N/A,20.33,62.67,,
"Ryder System, Inc. (R)",11.96%,-31.6%,256.09,49.91,,
Reynolds American Inc. (RAI),30.39%,205%,60.64,51.15,,
Royal Caribbean Cruises Ltd. (RCL),14.94%,26.3%,103.55,70.28,,
Regency Centers Corporation (REG),7.1%,167.2%,62.6,41,,
"Regeneron Pharmaceuticals, Inc. (REGN)",22.1%,63.3%,10.76,39.22,,
Regions Financial Corporation (RF),6.95%,10.3%,N/A,105.51,,
Robert Half International Inc. (RHI),N/A,-5.9%,0.09,48.46,,
"Red Hat, Inc. (RHT)",19.65%,24.1%,59.78,30.16,,
Transocean Ltd. (RIG),5.36%,-67.4%,53.46,91.94,,
Ralph Lauren Corporation (RL),3.94%,-37.4%,24.13,50.75,,
Rockwell Automation Inc. (ROK),35.41%,15.7%,92.67,53.96,,
"Roper Technologies, Inc. (ROP)",11.88%,-12.7%,107.27,41.62,,
"Ross Stores, Inc. (ROST)",42.82%,13.8%,14.43,34.25,,
Range Resources Corporation (RRC),-6.24%,N/A,66.97,90.35,,
"Republic Services, Inc. (RSG)",7.93%,10%,99.55,35.63,,
Raytheon Company (RTN),21.2%,17.9%,49.72,25.32,,
Starbucks Corporation (SBUX),N/A,13.5%,54.9,21.83,,
SCANA Corporation (SCG),10.66%,26.5%,133.45,19.02,,
The Charles Schwab Corporation (SCHW),N/A,36.9%,17.51,83.17,,
Sealed Air Corporation (SEE),85.57%,38.5%,714.94,21.27,,
The Sherwin-Williams Company (SHW),82.49%,2.5%,103.94,41.82,,
Signet Jewelers Limited (SIG),17.63%,9.4%,45.42,82.82,,
The J. M. Smucker Company (SJM),9.24%,-27.4%,70.24,28.89,,
Schlumberger Limited (SLB),-4.86%,-44.3%,46.25,25.09,,
SL Green Realty Corp. (SLG),3.29%,-53%,76.51,28.47,,
Snap-on Incorporated (SNA),21.63%,10.4%,36.97,25.18,,
"Scripps Networks Interactive, Inc. (SNI)",40.7%,-68.4%,143.71,42.04,,
The Southern Company (SO),10.13%,-18.1%,176.46,18.27,,
"Simon Property Group, Inc. (SPG)",41.29%,0.5%,450.74,45.64,,
S&P Global Inc. (SPGI),149.97%,35.7%,185.29,39.23,,
"Staples, Inc. (SPLS)",-10.11%,N/A,28.35,41.57,,
"Stericycle, Inc. (SRCL)",7.47%,-76.8%,104.75,50.64,,
Sempra Energy (SRE),10.91%,2.7%,112.33,23.36,,
"SunTrust Banks, Inc. (STI)",8.03%,4.7%,N/A,63.59,,
State Street Corporation (STT),10.11%,3%,N/A,68.74,,
Seagate Technology plc (STX),30.74%,80%,268.75,173.54,,
"Constellation Brands, Inc. (STZ)",22.67%,85.7%,134.18,24.9,,
"Stanley Black & Decker, Inc. (SWK)",18.66%,107.6%,73.72,34.85,,
"Skyworks Solutions, Inc. (SWKS)",25.14%,-27.4%,N/A,84.45,,
Southwestern Energy Company (SWN),-165.24%,N/A,507.74,128.93,,
Synchrony Financial (SYF),16.8%,5.3%,N/A,63.70,,
Stryker Corporation (SYK),18.25%,10.4%,74.03,28.47,,
Symantec Corporation (SYMC),-22.95%,-72.9%,180.76,104.43,,
Sysco Corporation (SYY),31.55%,1%,327.62,21.04,,
AT&T Inc. (T),10.44%,-8.8%,106.61,21.58,,
Molson Coors Brewing Company (TAP),21.24%,4285.4%,103.88,25.67,,
Teradata Corporation (TDC),19.34%,N/A,58.81,37.29,,
TransDigm Group Incorporated (TDG),N/A,-8.2%,N/A,44.50,,
TE Connectivity Ltd. (TEL),23.23%,15.9%,45.58,46.11,,
TEGNA Inc. (TGNA),19.5%,-6.6%,155.56,48.8,,
Target Corporation (TGT),22.33%,-42.7%,116.4,50.47,,
Tiffany & Co. (TIF),14.98%,-3.3%,36.56,70.71,,
"The TJX Companies, Inc. (TJX)",52.13%,1.7%,53.29,16.98,,
Torchmark Corporation (TMK),N/A,8%,30.6,38.34,,
Thermo Fisher Scientific Inc. (TMO),10.18%,37.1%,78.32,24.55,,
"TripAdvisor, Inc. (TRIP)",8.24%,-66.7%,16.98,77.23,,
"T. Rowe Price Group, Inc. (TROW)",24.28%,26.9%,N/A,25.38,,
"The Travelers Companies, Inc. (TRV)",12.31%,-10.7%,27.27,21.3,,
Tractor Supply Company (TSCO),30.71%,10.6%,20.74,63.16,,
"Tyson Foods, Inc. (TSN)",19.7%,28.6%,62.37,38.28,,
Tesoro Corporation (TSO),10.71%,N/A,85.31,33.92,,
"Total System Services, Inc. (TSS)",16.31%,N/A,158.38,27.3,,
Time Warner Inc. (TWX),N/A,N/A,N/A,45.86,,
Texas Instruments Incorporated (TXN),35.21%,41.1%,34.46,N/A,,
Textron Inc. (TXT),14.98%,-32.7%,76.62,49.79,,
"Under Armour, Inc. (UA)",13.89%,-2.2%,40.27,151.85,,
"Under Armour, Inc. (UAA)",13.89%,-2.2%,40.27,142.83,,
"United Continental Holdings, Inc. (UAL)",25.12%,-69.3%,152.01,111.57,,
"UDR, Inc. (UDR)",8.16%,42.7%,84.91,16.22,,
"Universal Health Services, Inc. (UHS)",15.75%,8%,81.05,39.85,,
"Ulta Beauty, Inc. (ULTA)",27.38%,30%,N/A,48.34,,
UnitedHealth Group Incorporated (UNH),18.5%,34.8%,74.24,37.04,,
Unum Group (UNM),10.55%,9.2%,32.77,68.75,,
Union Pacific Corporation (UNP),21.52%,9.5%,76.22,42.72,,
"United Parcel Service, Inc. (UPS)",235%,N/A,3753.85,20.38,,
"Urban Outfitters, Inc. (URBN)",17.8%,-11.8%,N/A,89.24,,
"United Rentals, Inc. (URI)",36.24%,-9.5%,472.69,125.95,,
U.S. Bancorp (USB),12.55%,0.1%,N/A,47.15,,
United Technologies Corporation (UTX),18.96%,16.4%,83.11,25.86,,
Visa Inc. (V),16.17%,-74.8%,51.61,26.94,,
"Varian Medical Systems, Inc. (VAR)",19.8%,-77.1%,34.91,41.95,,
V.F. Corporation (VFC),22.71%,N/A,46.93,35.86,,
"Viacom, Inc. (VIAB)",32.61%,-11.8%,261.2,37.65,,
Valero Energy Corporation (VLO),N/A,-38.4%,38.37,52.3,,
Vulcan Materials Company (VMC),9.36%,54.2%,43.37,30.72,,
Vornado Realty Trust (VNO),11.07%,165.7%,119.96,29.38,,
"Verisk Analytics, Inc. (VRSK)",33.39%,-4%,179.15,15.61,,
"VeriSign, Inc. (VRSN)",N/A,8.3%,N/A,24.04,,
Vertex Pharmaceuticals Incorporated (VRTX),14.41%,N/A,29.67,70.67,,
"Ventas, Inc. (VTR)",6.35%,66.5%,103.71,36.65,,
Verizon Communications Inc. (VZ),56.41%,-20%,465.49,24.45,,
Waters Corporation (WAT),23.71%,12.2%,77.98,33.1,,
"Walgreens Boots Alliance, Inc. (WBA)",14.16%,14%,62.17,16.19,,
Western Digital Corporation (WDC),-2.41%,235.1%,118.65,160.07,,
"WEC Energy Group, Inc. (WEC)",10.64%,8.4%,113.56,23.18,,
Wells Fargo & Company (WFC),11.01%,-0.1%,N/A,37.75,,
"Whole Foods Market, Inc. (WFM)",13.58%,-39.5%,31.93,38.38,,
Whirlpool Corporation (WHR),16.21%,2%,87.15,N/A,,
Willis Towers Watson Public Limited Company (WLTW),6.93%,N/A,37.77,29.74,,
"Waste Management, Inc. (WM)",22.51%,15.5%,163.27,23.46,,
"The Williams Companies, Inc. (WMB)",-2.31%,N/A,167.32,73.42,,
"Wal-Mart Stores, Inc. (WMT)",17.42%,-17.9%,57.82,22.85,,
WestRock Company (WRK),N/A,N/A,N/A,N/A,,
The Western Union Company (WU),21.95%,N/A,308.81,25.62,,
Weyerhaeuser Co. (WY),5.91%,687.1%,77.58,33.71,,
Wyndham Worldwide Corporation (WYN),87.25%,46.9%,857.81,63.64,,
"Wynn Resorts, Limited (WYNN)",216.26%,30.5%,3926.37,54.16,,
Cimarex Energy Co. (XEC),-16.72%,N/A,63.05,34.86,,
Xcel Energy Inc. (XEL),10.39%,8.8%,134.67,20.08,,
XL Group Ltd (XL),5.26%,598.4%,20.37,43.49,,
"Xilinx, Inc. (XLNX)",24.42%,5.8%,57.89,52.82,,
Exxon Mobil Corporation (XOM),4.78%,-39.6%,24.6,18.99,,
DENTSPLY SIRONA Inc. (XRAY),8.24%,82.6%,18.86,19.69,,
Xerox Corporation (XRX),8.64%,-33.2%,124.95,34.44,,
Xylem Inc. (XYL),12.12%,-56.1%,107.29,29.33,,
Yahoo! Inc. (YHOO),-0.7%,N/A,4.18,41.94,,
"Yum! Brands, Inc. (YUM)",N/A,N/A,N/A,16.55,,
"Zimmer Biomet Holdings, Inc. (ZBH)",5.05%,175.2%,115.89,39.3,,
Zions Bancorporation (ZION),6.73%,53.7%,N/A,109.95,,
Zoetis Inc. (ZTS),63.24%,600%,298.07,32.93,,